check,value,split
instances,3042,train
missing_text_values,0,train
empty_text_values,0,train
complete_nonempty_pairs,3042,train
exact_ordered_duplicate_groups,43,train
exact_ordered_duplicate_extra_instances,51,train
exact_ordered_duplicate_groups_with_label_disagreement,1,train
reversed_pair_groups,1258,train
unordered_duplicate_groups,1258,train
unordered_duplicate_extra_instances,1309,train
one_word_phrases,563,train
phrases_8plus_words,27,train
phrases_starting_clitic_or_punctuation,56,train
en_en_instances,3042,train
non_en_language_pairs,0,train
instances,660,dev
missing_text_values,0,dev
empty_text_values,0,dev
complete_nonempty_pairs,660,dev
exact_ordered_duplicate_groups,4,dev
exact_ordered_duplicate_extra_instances,4,dev
exact_ordered_duplicate_groups_with_label_disagreement,0,dev
reversed_pair_groups,275,dev
unordered_duplicate_groups,275,dev
unordered_duplicate_extra_instances,279,dev
one_word_phrases,135,dev
phrases_8plus_words,7,dev
phrases_starting_clitic_or_punctuation,21,dev
en_en_instances,660,dev
non_en_language_pairs,0,dev
