label,token,count
EQUIVALENCE,a,294
EQUIVALENCE,the,246
EQUIVALENCE,in,162
EQUIVALENCE,on,96
EQUIVALENCE,is,94
EQUIVALENCE,to,78
EQUIVALENCE,of,70
EQUIVALENCE,and,64
EQUIVALENCE,an,54
EQUIVALENCE,white,44
EQUIVALENCE,with,44
EQUIVALENCE,at,42
EQUIVALENCE,are,40
EQUIVALENCE,brown,34
EQUIVALENCE,for,34
FORWARD_ENTAILMENT,a,488
FORWARD_ENTAILMENT,in,199
FORWARD_ENTAILMENT,the,116
FORWARD_ENTAILMENT,on,107
FORWARD_ENTAILMENT,of,97
FORWARD_ENTAILMENT,and,93
FORWARD_ENTAILMENT,two,83
FORWARD_ENTAILMENT,white,76
FORWARD_ENTAILMENT,with,65
FORWARD_ENTAILMENT,dog,63
FORWARD_ENTAILMENT,black,53
FORWARD_ENTAILMENT,at,36
FORWARD_ENTAILMENT,'s,35
FORWARD_ENTAILMENT,brown,35
FORWARD_ENTAILMENT,woman,35
BACKWARD_ENTAILMENT,a,488
BACKWARD_ENTAILMENT,in,199
BACKWARD_ENTAILMENT,the,116
BACKWARD_ENTAILMENT,on,107
BACKWARD_ENTAILMENT,of,97
BACKWARD_ENTAILMENT,and,93
BACKWARD_ENTAILMENT,two,83
BACKWARD_ENTAILMENT,white,76
BACKWARD_ENTAILMENT,with,65
BACKWARD_ENTAILMENT,dog,63
BACKWARD_ENTAILMENT,black,53
BACKWARD_ENTAILMENT,at,36
BACKWARD_ENTAILMENT,'s,35
BACKWARD_ENTAILMENT,brown,35
BACKWARD_ENTAILMENT,woman,35
NEGATIVE_OTHER,a,286
NEGATIVE_OTHER,in,119
NEGATIVE_OTHER,on,94
NEGATIVE_OTHER,the,80
NEGATIVE_OTHER,of,62
NEGATIVE_OTHER,and,40
NEGATIVE_OTHER,to,38
NEGATIVE_OTHER,dog,37
NEGATIVE_OTHER,white,33
NEGATIVE_OTHER,with,25
NEGATIVE_OTHER,at,23
NEGATIVE_OTHER,black,21
NEGATIVE_OTHER,brown,20
NEGATIVE_OTHER,over,18
NEGATIVE_OTHER,two,17
