label,premise_pos_pattern,count
BACKWARD_ENTAILMENT,DET NOUN,122
BACKWARD_ENTAILMENT,ADP DET NOUN,79
BACKWARD_ENTAILMENT,NOUN,64
BACKWARD_ENTAILMENT,NUM NOUN,55
BACKWARD_ENTAILMENT,ADP NOUN,46
EQUIVALENCE,AUX VERB,62
EQUIVALENCE,VERB,53
EQUIVALENCE,ADP DET NOUN,50
EQUIVALENCE,ADP NOUN,35
EQUIVALENCE,ADP DET NOUN NOUN,25
FORWARD_ENTAILMENT,DET ADJ NOUN,52
FORWARD_ENTAILMENT,ADP DET ADJ NOUN,50
FORWARD_ENTAILMENT,ADJ NOUN,33
FORWARD_ENTAILMENT,ADP DET NOUN NOUN,28
FORWARD_ENTAILMENT,ADP ADJ NOUN,27
NEGATIVE_OTHER,ADP DET NOUN,54
NEGATIVE_OTHER,DET ADJ NOUN,27
NEGATIVE_OTHER,ADP DET ADJ NOUN,19
NEGATIVE_OTHER,ADP DET NOUN NOUN,18
NEGATIVE_OTHER,ADP NOUN,15
