system,cue_status,n,weighted_f1,macro_f1,accuracy
cues+logreg,agrees,282,0.9069767441860465,0.45348837209302323,0.8297872340425532
cues+logreg,misleads,10,0.0,0.0,0.0
cues+logreg,uninformative,368,0.3127858724314698,0.21914919814079478,0.29891304347826086
both+logreg,agrees,282,0.9174624226348365,0.45873121131741823,0.8475177304964538
both+logreg,misleads,10,0.0,0.0,0.0
both+logreg,uninformative,368,0.42526599927495073,0.3677674449733273,0.41304347826086957
DeBERTa seed 13,agrees,282,0.9380896060375659,0.46904480301878293,0.8865248226950354
DeBERTa seed 13,misleads,10,0.8,0.4,0.8
DeBERTa seed 13,uninformative,368,0.7758370708289676,0.7534848869169554,0.7744565217391305
DeBERTa seed 42,agrees,282,0.913490730096973,0.4567453650484865,0.8439716312056738
DeBERTa seed 42,misleads,10,0.8,0.4,0.8
DeBERTa seed 42,uninformative,368,0.7634481320610709,0.7400817820911177,0.7635869565217391
DeBERTa seed 1234,agrees,282,0.942045391022416,0.471022695511208,0.8936170212765957
DeBERTa seed 1234,misleads,10,0.8,0.4,0.8
DeBERTa seed 1234,uninformative,368,0.7240827643150994,0.6972271797156516,0.720108695652174
