instance_id,pair_id,text1,text2,gold_label,deberta_seed_13,deberta_seed_42,deberta_seed_1234,cues_logreg_prediction,cues_logreg_wrong
dico_phrasis_0000024__en-en__flipped,dico_phrasis_0000024,in destroying,destroy,FORWARD_ENTAILMENT,EQUIVALENCE,EQUIVALENCE,EQUIVALENCE,EQUIVALENCE,True
dico_phrasis_0000024__en-en__original,dico_phrasis_0000024,destroy,in destroying,BACKWARD_ENTAILMENT,EQUIVALENCE,EQUIVALENCE,EQUIVALENCE,EQUIVALENCE,True
dico_phrasis_0000059__en-en__flipped,dico_phrasis_0000059,for costa concordia shipwreck disaster,over Costa Concordia disaster,FORWARD_ENTAILMENT,NEGATIVE_OTHER,NEGATIVE_OTHER,NEGATIVE_OTHER,EQUIVALENCE,True
dico_phrasis_0000059__en-en__original,dico_phrasis_0000059,over Costa Concordia disaster,for costa concordia shipwreck disaster,BACKWARD_ENTAILMENT,NEGATIVE_OTHER,NEGATIVE_OTHER,NEGATIVE_OTHER,EQUIVALENCE,True
dico_phrasis_0000087__en-en__flipped,dico_phrasis_0000087,as national security adviser,as his security adviser,FORWARD_ENTAILMENT,EQUIVALENCE,EQUIVALENCE,NEGATIVE_OTHER,FORWARD_ENTAILMENT,False
dico_phrasis_0000087__en-en__original,dico_phrasis_0000087,as his security adviser,as national security adviser,BACKWARD_ENTAILMENT,EQUIVALENCE,EQUIVALENCE,NEGATIVE_OTHER,BACKWARD_ENTAILMENT,False
dico_phrasis_0000190__en-en__flipped,dico_phrasis_0000190,The brownish and white dogs,The tan and white dog,FORWARD_ENTAILMENT,EQUIVALENCE,EQUIVALENCE,EQUIVALENCE,NEGATIVE_OTHER,True
dico_phrasis_0000190__en-en__original,dico_phrasis_0000190,The tan and white dog,The brownish and white dogs,BACKWARD_ENTAILMENT,EQUIVALENCE,EQUIVALENCE,EQUIVALENCE,NEGATIVE_OTHER,True
dico_phrasis_0000198__en-en__flipped,dico_phrasis_0000198,a chocolate bar,a candy bar,FORWARD_ENTAILMENT,EQUIVALENCE,EQUIVALENCE,EQUIVALENCE,FORWARD_ENTAILMENT,False
dico_phrasis_0000198__en-en__original,dico_phrasis_0000198,a candy bar,a chocolate bar,BACKWARD_ENTAILMENT,EQUIVALENCE,EQUIVALENCE,EQUIVALENCE,BACKWARD_ENTAILMENT,False
dico_phrasis_0000249__en-en__original,dico_phrasis_0000249,remembered,its first memorial,BACKWARD_ENTAILMENT,EQUIVALENCE,EQUIVALENCE,NEGATIVE_OTHER,EQUIVALENCE,True
dico_phrasis_0000370__en-en__flipped,dico_phrasis_0000370,on Syria military action,over Syria action,FORWARD_ENTAILMENT,EQUIVALENCE,EQUIVALENCE,EQUIVALENCE,FORWARD_ENTAILMENT,False
dico_phrasis_0000370__en-en__original,dico_phrasis_0000370,over Syria action,on Syria military action,BACKWARD_ENTAILMENT,EQUIVALENCE,EQUIVALENCE,EQUIVALENCE,BACKWARD_ENTAILMENT,False
dico_phrasis_0000375__en-en__flipped,dico_phrasis_0000375,to deliver statement,to speak,FORWARD_ENTAILMENT,EQUIVALENCE,EQUIVALENCE,EQUIVALENCE,FORWARD_ENTAILMENT,False
dico_phrasis_0000375__en-en__original,dico_phrasis_0000375,to speak,to deliver statement,BACKWARD_ENTAILMENT,EQUIVALENCE,EQUIVALENCE,EQUIVALENCE,BACKWARD_ENTAILMENT,False
dico_phrasis_0000432__en-en__flipped,dico_phrasis_0000432,with a black top and a necklace,with a big necklace,FORWARD_ENTAILMENT,NEGATIVE_OTHER,NEGATIVE_OTHER,NEGATIVE_OTHER,FORWARD_ENTAILMENT,False
dico_phrasis_0000432__en-en__original,dico_phrasis_0000432,with a big necklace,with a black top and a necklace,BACKWARD_ENTAILMENT,NEGATIVE_OTHER,NEGATIVE_OTHER,NEGATIVE_OTHER,BACKWARD_ENTAILMENT,False
dico_phrasis_0000497__en-en__flipped,dico_phrasis_0000497,of some runway,from the airport,FORWARD_ENTAILMENT,NEGATIVE_OTHER,NEGATIVE_OTHER,NEGATIVE_OTHER,EQUIVALENCE,True
dico_phrasis_0000497__en-en__original,dico_phrasis_0000497,from the airport,of some runway,BACKWARD_ENTAILMENT,NEGATIVE_OTHER,NEGATIVE_OTHER,NEGATIVE_OTHER,EQUIVALENCE,True
dico_phrasis_0000499__en-en__flipped,dico_phrasis_0000499,"inside a cow-schemed , fur-covered dome",inside and black and white furry enclosure,FORWARD_ENTAILMENT,NEGATIVE_OTHER,NEGATIVE_OTHER,NEGATIVE_OTHER,EQUIVALENCE,True
dico_phrasis_0000499__en-en__original,dico_phrasis_0000499,inside and black and white furry enclosure,"inside a cow-schemed , fur-covered dome",BACKWARD_ENTAILMENT,NEGATIVE_OTHER,NEGATIVE_OTHER,NEGATIVE_OTHER,EQUIVALENCE,True
dico_phrasis_0000616__en-en__flipped,dico_phrasis_0000616,The wall-mounted flat-screen TV,of a television screen,FORWARD_ENTAILMENT,EQUIVALENCE,EQUIVALENCE,EQUIVALENCE,EQUIVALENCE,True
dico_phrasis_0000616__en-en__original,dico_phrasis_0000616,of a television screen,The wall-mounted flat-screen TV,BACKWARD_ENTAILMENT,EQUIVALENCE,EQUIVALENCE,EQUIVALENCE,EQUIVALENCE,True
dico_phrasis_0000619__en-en__flipped,dico_phrasis_0000619,A group of people,Six people,FORWARD_ENTAILMENT,EQUIVALENCE,EQUIVALENCE,EQUIVALENCE,FORWARD_ENTAILMENT,False
dico_phrasis_0000641__en-en__flipped,dico_phrasis_0000641,In Bhutto Death,over Bhutto murder,EQUIVALENCE,NEGATIVE_OTHER,NEGATIVE_OTHER,NEGATIVE_OTHER,EQUIVALENCE,False
dico_phrasis_0000641__en-en__original,dico_phrasis_0000641,over Bhutto murder,In Bhutto Death,EQUIVALENCE,NEGATIVE_OTHER,NEGATIVE_OTHER,NEGATIVE_OTHER,EQUIVALENCE,False
dico_phrasis_0000711__en-en__flipped,dico_phrasis_0000711,of bribing,to pay off,EQUIVALENCE,NEGATIVE_OTHER,NEGATIVE_OTHER,NEGATIVE_OTHER,EQUIVALENCE,False
dico_phrasis_0000817__en-en__flipped,dico_phrasis_0000817,on rocks next to water,on a rocky seashore,EQUIVALENCE,NEGATIVE_OTHER,NEGATIVE_OTHER,NEGATIVE_OTHER,NEGATIVE_OTHER,True
dico_phrasis_0000817__en-en__original,dico_phrasis_0000817,on a rocky seashore,on rocks next to water,EQUIVALENCE,NEGATIVE_OTHER,NEGATIVE_OTHER,NEGATIVE_OTHER,NEGATIVE_OTHER,True
dico_phrasis_0000936__en-en__original,dico_phrasis_0000936,fresh election for president,fresh presidential election,EQUIVALENCE,FORWARD_ENTAILMENT,FORWARD_ENTAILMENT,FORWARD_ENTAILMENT,EQUIVALENCE,False
dico_phrasis_0000943__en-en__flipped,dico_phrasis_0000943,to slide up,zipping up,EQUIVALENCE,NEGATIVE_OTHER,NEGATIVE_OTHER,NEGATIVE_OTHER,NEGATIVE_OTHER,True
dico_phrasis_0000948__en-en__flipped,dico_phrasis_0000948,over police crackdown,over police violence,EQUIVALENCE,FORWARD_ENTAILMENT,NEGATIVE_OTHER,NEGATIVE_OTHER,EQUIVALENCE,False
dico_phrasis_0000948__en-en__original,dico_phrasis_0000948,over police violence,over police crackdown,EQUIVALENCE,NEGATIVE_OTHER,NEGATIVE_OTHER,NEGATIVE_OTHER,EQUIVALENCE,False
dico_phrasis_0000950__en-en__flipped,dico_phrasis_0000950,to set out,to announce,EQUIVALENCE,NEGATIVE_OTHER,NEGATIVE_OTHER,NEGATIVE_OTHER,NEGATIVE_OTHER,True
dico_phrasis_0000950__en-en__original,dico_phrasis_0000950,to announce,to set out,EQUIVALENCE,NEGATIVE_OTHER,NEGATIVE_OTHER,NEGATIVE_OTHER,NEGATIVE_OTHER,True
dico_phrasis_0000979__en-en__flipped,dico_phrasis_0000979,after pro-Morsi protest,to pro-Morsi protests,EQUIVALENCE,NEGATIVE_OTHER,NEGATIVE_OTHER,NEGATIVE_OTHER,EQUIVALENCE,False
dico_phrasis_0000979__en-en__original,dico_phrasis_0000979,to pro-Morsi protests,after pro-Morsi protest,EQUIVALENCE,NEGATIVE_OTHER,NEGATIVE_OTHER,NEGATIVE_OTHER,EQUIVALENCE,False
dico_phrasis_0000994__en-en__flipped,dico_phrasis_0000994,May Housing,Housing in May,EQUIVALENCE,BACKWARD_ENTAILMENT,BACKWARD_ENTAILMENT,BACKWARD_ENTAILMENT,BACKWARD_ENTAILMENT,True
dico_phrasis_0000994__en-en__original,dico_phrasis_0000994,Housing in May,May Housing,EQUIVALENCE,FORWARD_ENTAILMENT,FORWARD_ENTAILMENT,FORWARD_ENTAILMENT,FORWARD_ENTAILMENT,True
dico_phrasis_0001069__en-en__original,dico_phrasis_0001069,for asylum,for granting asylum,EQUIVALENCE,BACKWARD_ENTAILMENT,BACKWARD_ENTAILMENT,BACKWARD_ENTAILMENT,BACKWARD_ENTAILMENT,True
dico_phrasis_0001103__en-en__flipped,dico_phrasis_0001103,A ginger and white cat,A orange and white cat,EQUIVALENCE,NEGATIVE_OTHER,NEGATIVE_OTHER,NEGATIVE_OTHER,NEGATIVE_OTHER,True
dico_phrasis_0001103__en-en__original,dico_phrasis_0001103,A orange and white cat,A ginger and white cat,EQUIVALENCE,NEGATIVE_OTHER,NEGATIVE_OTHER,NEGATIVE_OTHER,NEGATIVE_OTHER,True
dico_phrasis_0001136__en-en__flipped,dico_phrasis_0001136,on the street,along a city path,EQUIVALENCE,NEGATIVE_OTHER,BACKWARD_ENTAILMENT,BACKWARD_ENTAILMENT,EQUIVALENCE,False
dico_phrasis_0001136__en-en__original,dico_phrasis_0001136,along a city path,on the street,EQUIVALENCE,NEGATIVE_OTHER,FORWARD_ENTAILMENT,FORWARD_ENTAILMENT,EQUIVALENCE,False
dico_phrasis_0001505__en-en__flipped,dico_phrasis_0001505,Two Asian men and a woman,Two Asian men and Asian woman,BACKWARD_ENTAILMENT,EQUIVALENCE,EQUIVALENCE,EQUIVALENCE,FORWARD_ENTAILMENT,True
dico_phrasis_0001551__en-en__flipped,dico_phrasis_0001551,Saudi Women,Saudis,BACKWARD_ENTAILMENT,FORWARD_ENTAILMENT,FORWARD_ENTAILMENT,FORWARD_ENTAILMENT,EQUIVALENCE,True
dico_phrasis_0001551__en-en__original,dico_phrasis_0001551,Saudis,Saudi Women,FORWARD_ENTAILMENT,BACKWARD_ENTAILMENT,BACKWARD_ENTAILMENT,BACKWARD_ENTAILMENT,EQUIVALENCE,True
dico_phrasis_0001562__en-en__original,dico_phrasis_0001562,in collapsed Japan tunnel,from Japan tunnel,FORWARD_ENTAILMENT,NEGATIVE_OTHER,NEGATIVE_OTHER,NEGATIVE_OTHER,FORWARD_ENTAILMENT,False
dico_phrasis_0001567__en-en__flipped,dico_phrasis_0001567,as Bangladesh building toll,after deadly Bangladesh building collapse,BACKWARD_ENTAILMENT,NEGATIVE_OTHER,NEGATIVE_OTHER,NEGATIVE_OTHER,EQUIVALENCE,True
dico_phrasis_0001567__en-en__original,dico_phrasis_0001567,after deadly Bangladesh building collapse,as Bangladesh building toll,FORWARD_ENTAILMENT,NEGATIVE_OTHER,NEGATIVE_OTHER,NEGATIVE_OTHER,EQUIVALENCE,True
dico_phrasis_0001794__en-en__original,dico_phrasis_0001794,at barn animals,a sheep,FORWARD_ENTAILMENT,NEGATIVE_OTHER,NEGATIVE_OTHER,NEGATIVE_OTHER,EQUIVALENCE,True
dico_phrasis_0001926__en-en__flipped,dico_phrasis_0001926,game,a video game,BACKWARD_ENTAILMENT,EQUIVALENCE,EQUIVALENCE,EQUIVALENCE,BACKWARD_ENTAILMENT,False
dico_phrasis_0001940__en-en__flipped,dico_phrasis_0001940,eat,having a meal,BACKWARD_ENTAILMENT,EQUIVALENCE,EQUIVALENCE,EQUIVALENCE,BACKWARD_ENTAILMENT,False
dico_phrasis_0001940__en-en__original,dico_phrasis_0001940,having a meal,eat,FORWARD_ENTAILMENT,EQUIVALENCE,EQUIVALENCE,EQUIVALENCE,FORWARD_ENTAILMENT,False
dico_phrasis_0001979__en-en__original,dico_phrasis_0001979,on Syria abuse,on Syrian chemical arms,NEGATIVE_OTHER,BACKWARD_ENTAILMENT,BACKWARD_ENTAILMENT,BACKWARD_ENTAILMENT,NEGATIVE_OTHER,False
dico_phrasis_0002152__en-en__original,dico_phrasis_0002152,Afghans,Afghan District Governor,NEGATIVE_OTHER,BACKWARD_ENTAILMENT,BACKWARD_ENTAILMENT,BACKWARD_ENTAILMENT,BACKWARD_ENTAILMENT,True
dico_phrasis_0002188__en-en__original,dico_phrasis_0002188,to Cardinals,Vatican,NEGATIVE_OTHER,FORWARD_ENTAILMENT,FORWARD_ENTAILMENT,FORWARD_ENTAILMENT,EQUIVALENCE,True
dico_phrasis_0002242__en-en__original,dico_phrasis_0002242,Opens,begins operation,NEGATIVE_OTHER,EQUIVALENCE,EQUIVALENCE,EQUIVALENCE,EQUIVALENCE,True
dico_phrasis_0002244__en-en__original,dico_phrasis_0002244,two people,2,NEGATIVE_OTHER,FORWARD_ENTAILMENT,EQUIVALENCE,EQUIVALENCE,FORWARD_ENTAILMENT,True
dico_phrasis_0002251__en-en__original,dico_phrasis_0002251,Muslim Brotherhood Supreme Guide,Muslim Brotherhood group,NEGATIVE_OTHER,FORWARD_ENTAILMENT,FORWARD_ENTAILMENT,FORWARD_ENTAILMENT,EQUIVALENCE,True
dico_phrasis_0002314__en-en__original,dico_phrasis_0002314,with a dining room,with large sofas and a dining table,NEGATIVE_OTHER,BACKWARD_ENTAILMENT,BACKWARD_ENTAILMENT,BACKWARD_ENTAILMENT,BACKWARD_ENTAILMENT,True
dico_phrasis_0002406__en-en__original,dico_phrasis_0002406,in Canada Oil Train Explosion,in Canada train crash,NEGATIVE_OTHER,FORWARD_ENTAILMENT,FORWARD_ENTAILMENT,FORWARD_ENTAILMENT,FORWARD_ENTAILMENT,True
dico_phrasis_0002436__en-en__original,dico_phrasis_0002436,over child,over daughter,NEGATIVE_OTHER,BACKWARD_ENTAILMENT,BACKWARD_ENTAILMENT,BACKWARD_ENTAILMENT,NEGATIVE_OTHER,False
dico_phrasis_0002492__en-en__original,dico_phrasis_0002492,Super typhoon,Most powerful typhoon,NEGATIVE_OTHER,EQUIVALENCE,EQUIVALENCE,EQUIVALENCE,BACKWARD_ENTAILMENT,True
dico_phrasis_0002493__en-en__original,dico_phrasis_0002493,Russia Pulled Back,of Russian Withdrawal,NEGATIVE_OTHER,EQUIVALENCE,EQUIVALENCE,EQUIVALENCE,EQUIVALENCE,True
dico_phrasis_0002597__en-en__original,dico_phrasis_0002597,on a red play structure,on a red jungle gym,NEGATIVE_OTHER,BACKWARD_ENTAILMENT,BACKWARD_ENTAILMENT,BACKWARD_ENTAILMENT,NEGATIVE_OTHER,False
dico_phrasis_0002616__en-en__original,dico_phrasis_0002616,onto another,to another,NEGATIVE_OTHER,EQUIVALENCE,EQUIVALENCE,EQUIVALENCE,NEGATIVE_OTHER,False
dico_phrasis_0002671__en-en__original,dico_phrasis_0002671,performs,to do,NEGATIVE_OTHER,EQUIVALENCE,EQUIVALENCE,EQUIVALENCE,EQUIVALENCE,True
dico_phrasis_0002738__en-en__original,dico_phrasis_0002738,convicted,get jail time,NEGATIVE_OTHER,EQUIVALENCE,EQUIVALENCE,EQUIVALENCE,EQUIVALENCE,True
dico_phrasis_0002792__en-en__original,dico_phrasis_0002792,2 Turkish unions,Unions,NEGATIVE_OTHER,FORWARD_ENTAILMENT,FORWARD_ENTAILMENT,FORWARD_ENTAILMENT,FORWARD_ENTAILMENT,True
dico_phrasis_0002804__en-en__original,dico_phrasis_0002804,airline pilots,2 Turkish Airlines pilots,NEGATIVE_OTHER,BACKWARD_ENTAILMENT,BACKWARD_ENTAILMENT,BACKWARD_ENTAILMENT,BACKWARD_ENTAILMENT,True
dico_phrasis_0002844__en-en__original,dico_phrasis_0002844,Northwest China,in China,NEGATIVE_OTHER,FORWARD_ENTAILMENT,FORWARD_ENTAILMENT,FORWARD_ENTAILMENT,FORWARD_ENTAILMENT,True
dico_phrasis_0002898__en-en__original,dico_phrasis_0002898,may be trapped,trapped,NEGATIVE_OTHER,EQUIVALENCE,FORWARD_ENTAILMENT,EQUIVALENCE,FORWARD_ENTAILMENT,True
dico_phrasis_0002900__en-en__original,dico_phrasis_0002900,Australian senator,Australian lawmaker,NEGATIVE_OTHER,FORWARD_ENTAILMENT,FORWARD_ENTAILMENT,FORWARD_ENTAILMENT,EQUIVALENCE,True
dico_phrasis_0002925__en-en__original,dico_phrasis_0002925,with network-sharing deal,"network-sharing , spectrum deal",NEGATIVE_OTHER,BACKWARD_ENTAILMENT,BACKWARD_ENTAILMENT,BACKWARD_ENTAILMENT,EQUIVALENCE,True
dico_phrasis_0002933__en-en__original,dico_phrasis_0002933,Nigeria lawmaker,Nigerian MP,NEGATIVE_OTHER,EQUIVALENCE,EQUIVALENCE,EQUIVALENCE,EQUIVALENCE,True
dico_phrasis_0003200__en-en__original,dico_phrasis_0003200,in a top hat,with a top hat,NEGATIVE_OTHER,EQUIVALENCE,EQUIVALENCE,FORWARD_ENTAILMENT,NEGATIVE_OTHER,False
dico_phrasis_0003241__en-en__original,dico_phrasis_0003241,one,as one,NEGATIVE_OTHER,BACKWARD_ENTAILMENT,BACKWARD_ENTAILMENT,BACKWARD_ENTAILMENT,BACKWARD_ENTAILMENT,True
dico_phrasis_0003243__en-en__original,dico_phrasis_0003243,Parrot,A white bird,NEGATIVE_OTHER,BACKWARD_ENTAILMENT,BACKWARD_ENTAILMENT,BACKWARD_ENTAILMENT,EQUIVALENCE,True
dico_phrasis_0003283__en-en__original,dico_phrasis_0003283,A close-up view,Close up,NEGATIVE_OTHER,EQUIVALENCE,EQUIVALENCE,EQUIVALENCE,FORWARD_ENTAILMENT,True
