system,weighted_f1,macro_f1,accuracy,soft_cons,hard_cons
majority,0.12869875222816402,0.11176470588235295,0.2878787878787879,0.0,0.0
random seed 13,0.2459217129333949,0.24036974673725736,0.24393939393939393,0.18411552346570398,0.05415162454873646
cues+logreg,0.5309011199832265,0.5019622333269268,0.5212121212121212,0.7942238267148014,0.5523465703971119
tfidf+logreg,0.40714677049874354,0.39888166011055176,0.4015151515151515,0.4259927797833935,0.2563176895306859
both+logreg,0.5964382053564151,0.5728851355943316,0.5924242424242424,0.7472924187725631,0.5703971119133574
cues+gbdt,0.5736500222330254,0.5496069168263602,0.5681818181818182,0.7184115523465704,0.5270758122743683
DeBERTa seed 13,0.8243606564796079,0.8054090920906184,0.8227272727272728,0.8808664259927798,0.8231046931407943
DeBERTa seed 42,0.8008253577998905,0.7796024404375356,0.7984848484848485,0.8844765342960289,0.8086642599277978
DeBERTa seed 1234,0.7953548855389461,0.7742392900785012,0.7954545454545454,0.8664259927797834,0.7978339350180506
