instance_id,pair_id,text1,text2,gold_label,predicted_label,is_correct,word_count1,word_count2,longer_side,cue_status,category,rationale
dico_phrasis_0000141__en-en__original,dico_phrasis_0000141,at a pool,in front of a pool,BACKWARD_ENTAILMENT,NEGATIVE_OTHER,False,3,5,text2,agrees,prepositional_relation,Meaning depends on the preposition or its attachment.
dico_phrasis_0000370__en-en__flipped,dico_phrasis_0000370,on Syria military action,over Syria action,FORWARD_ENTAILMENT,EQUIVALENCE,False,4,3,text1,agrees,prepositional_relation,The pair changes the preposition around a shared event phrase.
dico_phrasis_0000994__en-en__flipped,dico_phrasis_0000994,May Housing,Housing in May,EQUIVALENCE,BACKWARD_ENTAILMENT,False,2,3,text2,uninformative,prepositional_relation,Temporal meaning uses a preposition and changed word order.
dico_phrasis_0002487__en-en__original,dico_phrasis_0002487,Southern Italy Coach Crash,in Italy coach crash,NEGATIVE_OTHER,FORWARD_ENTAILMENT,False,4,4,equal,uninformative,prepositional_relation,A locative preposition changes an otherwise overlapping negative pair.
dico_phrasis_0000350__en-en__flipped,dico_phrasis_0000350,of all people,8-10 people,FORWARD_ENTAILMENT,NEGATIVE_OTHER,False,3,3,equal,uninformative,numeral_or_quantifier,Resolve an all-people quantifier against a numeric range.
dico_phrasis_0000619__en-en__flipped,dico_phrasis_0000619,A group of people,Six people,FORWARD_ENTAILMENT,EQUIVALENCE,False,4,2,text1,agrees,numeral_or_quantifier,Compare a group description with an exact cardinality.
dico_phrasis_0001386__en-en__original,dico_phrasis_0001386,7 Palestinians,Palestinian,FORWARD_ENTAILMENT,BACKWARD_ENTAILMENT,False,2,1,text1,agrees,numeral_or_quantifier,The numeral changes the scope from a plural group to a singular category.
dico_phrasis_0002244__en-en__original,dico_phrasis_0002244,two people,2,NEGATIVE_OTHER,FORWARD_ENTAILMENT,False,2,1,text1,uninformative,numeral_or_quantifier,The same number is written as a word and as a digit.
dico_phrasis_0000190__en-en__flipped,dico_phrasis_0000190,The brownish and white dogs,The tan and white dog,FORWARD_ENTAILMENT,EQUIVALENCE,False,5,5,equal,uninformative,near_synonym_or_taxonomy,Color and number variants are close but not identical descriptions.
dico_phrasis_0000198__en-en__flipped,dico_phrasis_0000198,a chocolate bar,a candy bar,FORWARD_ENTAILMENT,EQUIVALENCE,False,3,3,equal,uninformative,near_synonym_or_taxonomy,Resolve a specific food item against a broader near-synonym.
dico_phrasis_0001551__en-en__flipped,dico_phrasis_0001551,Saudi Women,Saudis,BACKWARD_ENTAILMENT,FORWARD_ENTAILMENT,False,2,1,text1,misleads,near_synonym_or_taxonomy,The relation between a demographic noun phrase and its group label is subtle.
dico_phrasis_0002900__en-en__original,dico_phrasis_0002900,Australian senator,Australian lawmaker,NEGATIVE_OTHER,FORWARD_ENTAILMENT,False,2,2,equal,uninformative,near_synonym_or_taxonomy,Occupational labels overlap but are not freely interchangeable.
dico_phrasis_0002436__en-en__original,dico_phrasis_0002436,over child,over daughter,NEGATIVE_OTHER,BACKWARD_ENTAILMENT,False,2,2,equal,uninformative,one_word_negative_contrast,The child/daughter substitution has NEGATIVE_OTHER as its gold label.
dico_phrasis_0002560__en-en__original,dico_phrasis_0002560,Two young children,Two small children,NEGATIVE_OTHER,EQUIVALENCE,False,3,3,equal,uninformative,one_word_negative_contrast,A single adjective substitution separates two child descriptions.
dico_phrasis_0002712__en-en__original,dico_phrasis_0002712,Israeli forces,security forces,NEGATIVE_OTHER,FORWARD_ENTAILMENT,False,2,2,equal,uninformative,one_word_negative_contrast,A changed modifier identifies a different organization in a negative pair.
dico_phrasis_0003063__en-en__original,dico_phrasis_0003063,on a crowded street,on a public street,NEGATIVE_OTHER,EQUIVALENCE,False,4,4,equal,uninformative,one_word_negative_contrast,A single adjective substitution separates crowded from public.
dico_phrasis_0000024__en-en__flipped,dico_phrasis_0000024,in destroying,destroy,FORWARD_ENTAILMENT,EQUIVALENCE,False,2,1,text1,agrees,chunking_or_fragment,A short inflected verb fragment must align with its base form.
dico_phrasis_0000375__en-en__flipped,dico_phrasis_0000375,to deliver statement,to speak,FORWARD_ENTAILMENT,EQUIVALENCE,False,3,2,text1,agrees,chunking_or_fragment,Short verb phrases package the event with different complements.
dico_phrasis_0000421__en-en__original,dico_phrasis_0000421,Mubarak release,Mubarak 's release request,BACKWARD_ENTAILMENT,EQUIVALENCE,False,2,4,text2,agrees,chunking_or_fragment,The nominal phrase gains a possessive and a head-modifying request fragment.
dico_phrasis_0000616__en-en__flipped,dico_phrasis_0000616,The wall-mounted flat-screen TV,of a television screen,FORWARD_ENTAILMENT,EQUIVALENCE,False,6,4,text1,agrees,chunking_or_fragment,A compound noun phrase is aligned with a differently chunked screen description.
