label,cue,coefficient
BACKWARD_ENTAILMENT,words1,0.08020856020580608
BACKWARD_ENTAILMENT,words2,-0.11529352936360208
BACKWARD_ENTAILMENT,word_diff,0.1836206495594344
BACKWARD_ENTAILMENT,word_log_ratio,-0.38289955507293566
BACKWARD_ENTAILMENT,chars1,-0.3022336659883912
BACKWARD_ENTAILMENT,chars2,0.20534360670141902
BACKWARD_ENTAILMENT,char_diff,-0.4899362482490225
BACKWARD_ENTAILMENT,shared_tokens,-0.19831582390764219
BACKWARD_ENTAILMENT,jaccard,0.8233288081561436
BACKWARD_ENTAILMENT,containment_1_in_2,0.9703591755046653
BACKWARD_ENTAILMENT,containment_2_in_1,-1.439661322371084
BACKWARD_ENTAILMENT,shared_first,0.052476662212303134
BACKWARD_ENTAILMENT,shared_last,0.08716231970599883
BACKWARD_ENTAILMENT,text2_span_in_text1,0.3544014411905232
BACKWARD_ENTAILMENT,text1_span_in_text2,-0.022074297742254136
BACKWARD_ENTAILMENT,digit1,0.18061035037461504
BACKWARD_ENTAILMENT,digit2,-0.09002043876158934
EQUIVALENCE,words1,-0.10585060924543974
EQUIVALENCE,words2,-0.11908064812268242
EQUIVALENCE,word_diff,0.012279806911017958
EQUIVALENCE,word_log_ratio,-0.02300978405065978
EQUIVALENCE,chars1,0.21927296799020407
EQUIVALENCE,chars2,0.20889129054985678
EQUIVALENCE,char_diff,0.010423703842990472
EQUIVALENCE,shared_tokens,0.3252672599488623
EQUIVALENCE,jaccard,-0.4173833005272418
EQUIVALENCE,containment_1_in_2,-0.024417112267854205
EQUIVALENCE,containment_2_in_1,-0.08955050247990447
EQUIVALENCE,shared_first,-0.14399397121888569
EQUIVALENCE,shared_last,-0.15432554061867307
EQUIVALENCE,text2_span_in_text1,-0.004066316855143572
EQUIVALENCE,text1_span_in_text2,-0.05594294893160833
EQUIVALENCE,digit1,-0.08072454315414385
EQUIVALENCE,digit2,-0.13773044254966008
FORWARD_ENTAILMENT,words1,-0.0759474994998767
FORWARD_ENTAILMENT,words2,0.11155662328204848
FORWARD_ENTAILMENT,word_diff,-0.1761074639314507
FORWARD_ENTAILMENT,word_log_ratio,0.38587743202513347
FORWARD_ENTAILMENT,chars1,0.19444132937520528
FORWARD_ENTAILMENT,chars2,-0.31277830560139935
FORWARD_ENTAILMENT,char_diff,0.4893876634658586
FORWARD_ENTAILMENT,shared_tokens,-0.2877992368400536
FORWARD_ENTAILMENT,jaccard,0.8418419806203721
FORWARD_ENTAILMENT,containment_1_in_2,-1.3531263934120938
FORWARD_ENTAILMENT,containment_2_in_1,0.9616621646404997
FORWARD_ENTAILMENT,shared_first,-0.0018086811576975836
FORWARD_ENTAILMENT,shared_last,0.09605543533528892
FORWARD_ENTAILMENT,text2_span_in_text1,0.01365981681566905
FORWARD_ENTAILMENT,text1_span_in_text2,0.2956537528919074
FORWARD_ENTAILMENT,digit1,-0.12684137127313003
FORWARD_ENTAILMENT,digit2,0.1576206786228392
NEGATIVE_OTHER,words1,0.10158954853950737
NEGATIVE_OTHER,words2,0.12281755420423811
NEGATIVE_OTHER,word_diff,-0.019792992538998824
NEGATIVE_OTHER,word_log_ratio,0.020031907098479372
NEGATIVE_OTHER,chars1,-0.11148063137701672
NEGATIVE_OTHER,chars2,-0.10145659164987018
NEGATIVE_OTHER,char_diff,-0.009875119059828519
NEGATIVE_OTHER,shared_tokens,0.1608478007988221
NEGATIVE_OTHER,jaccard,-1.2477874882492732
NEGATIVE_OTHER,containment_1_in_2,0.40718433017527134
NEGATIVE_OTHER,containment_2_in_1,0.5675496602105543
NEGATIVE_OTHER,shared_first,0.09332599016428268
NEGATIVE_OTHER,shared_last,-0.02889221442262298
NEGATIVE_OTHER,text2_span_in_text1,-0.36399494115104514
NEGATIVE_OTHER,text1_span_in_text2,-0.2176365062180375
NEGATIVE_OTHER,digit1,0.02695556405266811
NEGATIVE_OTHER,digit2,0.07013020268840982
