fold,train_pairs,held_pairs,weighted_f1,soft_cons,hard_cons,system
0,1408,352,0.556728851356883,0.8113207547169812,0.5509433962264151,cues+logreg
1,1408,352,0.5261957745680141,0.8253968253968254,0.5595238095238095,cues+logreg
2,1408,352,0.583151216993745,0.8014705882352942,0.5955882352941176,cues+logreg
3,1408,352,0.5829795103175218,0.8354430379746836,0.6033755274261603,cues+logreg
4,1408,352,0.6255700516874718,0.8125,0.62109375,cues+logreg
0,1408,352,0.436532261146059,0.47924528301886793,0.32452830188679244,tfidf+logreg
1,1408,352,0.41041576413666636,0.4007936507936508,0.26587301587301587,tfidf+logreg
2,1408,352,0.4293376813563232,0.4338235294117647,0.28308823529411764,tfidf+logreg
3,1408,352,0.43224492169673157,0.3881856540084388,0.26582278481012656,tfidf+logreg
4,1408,352,0.43420592469610747,0.38671875,0.28515625,tfidf+logreg
0,1408,352,0.5976208396984944,0.7660377358490567,0.5735849056603773,both+logreg
1,1408,352,0.6006258470975095,0.7976190476190477,0.6071428571428571,both+logreg
2,1408,352,0.6080609323404562,0.7904411764705882,0.6139705882352942,both+logreg
3,1408,352,0.6304693726618692,0.7721518987341772,0.6244725738396625,both+logreg
4,1408,352,0.6457296351018298,0.76171875,0.61328125,both+logreg
0,1408,352,0.5752360661853155,0.7283018867924528,0.5358490566037736,cues+gbdt
1,1408,352,0.5613396696103597,0.7857142857142857,0.5515873015873016,cues+gbdt
2,1408,352,0.6118057997921409,0.7389705882352942,0.5808823529411765,cues+gbdt
3,1408,352,0.5523707051417001,0.7088607594936709,0.5147679324894515,cues+gbdt
4,1408,352,0.5614436630581098,0.7265625,0.546875,cues+gbdt
